id,company,tweet
930,AssassinsCreed,üòÖ I love you guys. üòò
5048,GrandTheftAuto(GTA),It's about fricking time!
10011,PlayerUnknownsBattlegrounds(PUBG),"one of the best kpop moments was at Isac 2020 when all those kpop groups came together and just played a massive fuck off game of PUBG,, tell me that wasn‚Äôt iconic"
795,ApexLegends,mixer.com/SirDover357?ut‚Ä¶ #Mixer #SmallStreamersConnect #ApexLegends #Ranked #Pathfinder
5041,GrandTheftAuto(GTA),@RockstarGames I‚Äôm a veteran of gta and have been for years  and  absolutely lov the game but you really really really need to sort your game out hard!!!!!
1961,CallOfDutyBlackopsColdWar,You mean real life crack epidemic?
6560,Fortnite,"Back at the OG memes... I love the sky base, follow me every day @Cyper for everyday content. #Fortnite #meme #MEMES #lmao #omg #gaming https://t.co/wROS35dZyA"
10406,RedDeadRedemption(RDR),Driving through New Mexico is like driving through Red Dead Redemption
2098,CallOfDuty,Sigh... you‚Äôre a god damn idiot
11808,Verizon,"@Verizon  I‚Äôm done with y‚Äôall, y‚Äôall charge too damn much for a cellphone. Plus your service sucks."
6619,Fortnite,"lets stop using good, popular songs for shitty fortnite montages please. it‚Äôs just a disgrace to the song."
10889,TomClancysGhostRecon,"Welp, #ghostreconbreakpoint 's immersive update got delayed until later next month... pic.twitter.com/rqk5e2fE10"
9135,Nvidia,"Congrats to the NVIDIA NeMo team for the 1.0.0 release candidate!
Really excited to see NeMo embracing Hydra as the way to take control over the configuration madness that is machine learning! :)"
9836,PlayStation5(PS5),Tempting üòñ
6787,Fortnite,Dumb Lucky‚òòÔ∏è   (Fortnite Montage) youtu.be/psWjTNkBQbE via @YouTube
2243,CallOfDuty,"Sound ON! Enjoy the groove and this little montage I made in tribute to the Desert Eagle, the most powerful, badass, secondary weapon. Ever. #CallofDuty #ModernWarfare #Xbox @JoeCecot @ArtPeasant @Drift0r https://t.co/WookTjkBmZ"
4895,GrandTheftAuto(GTA),I can't stand your ass OMG!
6187,FIFA,FIFA 20 is honestly the biggest pile of shit excuse for a game ever created. The game is played at 2 miles an hour. Slow clap for EA.
2430,Borderlands,Platinum is the best loot @Borderlands #PS4share pic.twitter.com/oxBbrsPbV2
2713,Borderlands,"Stream on Borderlands 3 tonight at 8pm! 
Come and say hi, it's always a pleasure to see on on the stream guys ‚ò∫Ô∏è"
2870,Dota2,"my friends are playing dota 2 and i can't understand shit, but it's entertaining as hell"
6687,Fortnite,Un-popular opinion Fortnite is kind of the best game i've ever played. I'ts almost like it was thought up by a person who lives alone.
13039,Xbox(Xseries),"Damn! Microsoft is going all out in showing off the new Xbox Series X while Sony hasn't made a peep theverge.com/2020/3/16/2115‚Ä¶

As a PlayStation guy, this thing sounds like a screamer."
11378,TomClancysRainbowSix,MELUSI 4k are you shocked! @Justhoneybadger @simmyster06 @walkerpool @Mdassassin007 @OWahid65 #Rainbowsixsiege pic.twitter.com/0ACuQjtvGL
4440,Google,I can't believe that @realDonaldTrump lied.
11824,Verizon,"Man I just left the Verizon store to see if I can get my hands on the pre order of the RAZR V4. The employee let me hold the phone and flip it up and now I‚Äôm never washing my hands again, I can‚Äôt wait til the 15th of February to get it. ü•∫ü•∫üíï"
2131,CallOfDuty,"The new @CallofDuty for ps5 is üî•üî•üî•üî•
Oh God üò≠üòç"
11894,Verizon,"Congratulations to our client, Diego Scotti, CMO of @Verizon, on being named an @Adweek Brand Genius. pic.twitter.com/kilCPassn6"
13097,Xbox(Xseries),"YOOOOOOO The PS5 design looks so slick, it makes the Xbox Series X look like a boring PC Box. #PS5Reveal"
8069,Microsoft,Bought a fraction of Microsoft today. Small wins.
8800,NBA2K,@NBA2K @2KSupport @LD2K @Beluba  can y‚Äôall please fix this !!! pic.twitter.com/yTZ3HA6Xtf
10080,PlayerUnknownsBattlegrounds(PUBG),Failed pubg mobile youtu.be/Qz00Pth41sw via @YouTube
645,ApexLegends,"Alright, let‚Äôs do it. The road to Gold 2 is now. Apex ranked. Come hang. - twitch.tv/cpatran #gaming #streaming #twitch #TwitchAffilate #TwitchStreamers #twitchstreamer #apexlegends"
6086,FIFA,Amazing how toxic the FIFA community is in August.  Congrats @EASPORTSFIFA for creating one of the most toxic communities....right up there with CSGO and RB6.
3645,Cyberpunk2077,"Good morning! It was so hot and gross last night I ended up pulling an all nighter go me!

On the plus, made some good progress on my Vindicator from #Cyberpunk2077 silver linings n all :) pic.twitter.com/1wcndhILCo"
10121,PlayerUnknownsBattlegrounds(PUBG),Yo the new event on PUBG is weird!
10188,PlayerUnknownsBattlegrounds(PUBG),Congratulations guys finally PUBG UNBAN ho gye thnks @ZakaWaqar  thnks all pubg lover üåπ‚ô•Ô∏èüòç
2008,CallOfDuty,"It was ab fab seeing the 6 bungalows built in #walsden by @localitynews member @CVCLT1 with support from @Calderdale & many others. Highlights are seeing @dawsonjohn & family, and Andrew Bibby and his spade! Trustees going beyond the call of duty @CommLedHousing (brand colours!) pic.twitter.com/xKQnayVdHk"
6339,FIFA,Damn
2533,Borderlands,"Wine drunk playing the new Borderlands üò©

Goddess life is a fun life.

‚ú® findom"
7259,LeagueOfLegends,"I'm excited to announce our partnership with @VolvicDE. The cooperation with Volvic is an exclamation mark in German esport. At the same time, it's an award for our success in @LeagueOfLegends and the tremendous efforts of our team and staff behind the scenes. Thank you! pic.twitter.com/c6eLixSdZK"
10054,PlayerUnknownsBattlegrounds(PUBG),India Bans 118 Chinese apps including PUBG #PUBG #PUBGMOBILE pic.twitter.com/4RT8ykyxM3
6715,Fortnite,Fortnite has these bots that make the game unplayed lmfao literally unplayable because of course you land with just an axe and before you can loot a bot with weapons already on the ground just shoots you before you can even arm yourself lmfao Fortnite right now is a waste of data https://t.co/MmErZUIZyl
4865,GrandTheftAuto(GTA),This guy is one of the best content  creators i know . He's different  and unique !!!! Watch out for him.
2750,Borderlands,"@Borderlands need help with my game. For some reason my character is lagging, no matter whose hose or solo and my game is up to date. And it's really frustrating any ideas would"
5455,Hearthstone,Fucking imba this demon hunter
8366,Microsoft,Shared via Microsoft Edge: New York City schools ban Zoom due to security concerns and shift to Microsoft Teams ‚Äì GeekWire geekwire.com/2020/new-york-‚Ä¶
319,Amazon,"AWESOME !!  BONECAKES...with strawberries and original maple syrup please !!!
‚ò†Ô∏è‚ò†Ô∏è‚ò†Ô∏è üòç ‚ò†Ô∏è‚ò†Ô∏è‚ò†Ô∏è
@BunnieKat1962 @OctoberBones @searcher9090 @Homenutt_1 @SkellyIce  @DeathsLastLaugh @CryptMidwest @RJCrowtherJr @1carolinagirl @Figster017 @lesliea10115 @Vampire4me @MadmMonstrosity"
6658,Fortnite,a man on top for that fortnite song
1529,Battlefield,A Classic
6826,johnson&johnson,Johnson & Johnson Stops Selling Talc-Based Baby Powder In U.S. And Canada standaside.us/johnson-johnso‚Ä¶
6109,FIFA,Oh yeah happy Fifa 21 day everyone
4236,CS-GO,"Finnish CS:GO Player Jamppi Sues Valve Over Alleged VAC Ban ¬ª TalkEsport,bit.ly/3byCjrT"
800,ApexLegends,"#ModernWarfare sd the best fps out! was in love with #RainbowSixSiege but the toxic community and random operator nerfs based on players ""frustration levels"" lost me, #ApexLegends is dope too tho, #fortnite is cool, pubg made about 100 mil and only added new landing controls gg"
8857,Nvidia,Watching NVIDIA position itself as not just a leading hardware manufacturer but also providing meaningful software to consumers is a remarkable thing of beauty. What an incredibly lead company with clear focus and goals. Well done @nvidia.
6953,johnson&johnson,Sales decline in U.S. & Canada due to cancer claims. So the company decides to victimize people in the Third World.
10729,RedDeadRedemption(RDR),"I'm getting a lot out of Red Dead Redemption 2 right now, the game enables me to do a lot of dumb things and generally be an idiot.

feelsgoodman"
7463,LeagueOfLegends,Check out my video! #LeagueofLegends | Captured by #Outplayed #2020alienwaregames pic.twitter.com/X6kqEW08hw
4177,CS-GO,"To all the people who want to play VALORANT and are saying they are gonna pursue it professionally, 

go play 100 hours of CSGO, if you still like the game then I think it would be a good game for you, if you are bored out of your mind I would not recommend pursuing it."
8955,Nvidia,Nvidia GeForce Now: Google Stadia rival suffers another¬†blow news89.net/nvidia-geforce‚Ä¶ https://t.co/9ijNjV7L4C
10748,RedDeadRedemption(RDR),"Red Dead Redemption 2
@RockstarGames
#RDR2 #RedDeadOnline 
#OutlawsForLife 
#PS4share pic.twitter.com/QHk7zNRwM8"
2695,Borderlands,I wanna play Shooty McLootyguns with more people (Borderlands 3). Recently solo'd the Maliwan Takedown mission and Torgue's Slaughterhouse 3000 on Mayhem 3. Was some of the most intense and fun FPS gameplay I've had in years.
5832,HomeDepot,"Worked at Macy‚Äôs 

Worked at Chick Fil-A 

Worked at Home Depot 

Which one is the lie?"
1783,CallOfDutyBlackopsColdWar,Omg FOV Slider üòç
5454,Hearthstone,"I will say that playing a Hearthstone PTQ last weekend made me appreciate Magic organized play from the PT-level down, even with its consistent disappointments above that"
13195,Xbox(Xseries),Great starting price.
4096,CS-GO,1.7 million viewers? wtf? and cs:go has more than minecraft and fortnite? seriously pic.twitter.com/NsBHo8i85Z
6977,johnson&johnson,Johnson & Johnson ends baby powder sales in US & Canada after lawsuits posit links to cancer‚Ä¶ but will keep selling it elsewhere ‚Äî RT World News rt.com/news/489146-jo‚Ä¶
712,ApexLegends,@PlayApex @GH057ayame figure this.... @Rainbow6Game is the most simple concept... but an amazing game and still thriving after YEARS of success. you know why? they only listen to the comp scene..... figure it out shit bags
2336,CallOfDuty,"Activision confirms that 2020's Call of Duty title is Black Ops: Cold War: Know your history, or be doomed to repeat it. dlvr.it/Rf3VSg"
6593,Fortnite,By far my best stream without a raid!! We were hovering around 12-15 viewers for about an hour and gained a boat load of follows. Much love!! #WubbleNation #fortnite #savetheworld pic.twitter.com/ONtb94ufAj
7342,LeagueOfLegends,this is the absolute FUNNIEST interaction I‚Äôve ever seen on League of Legends pic.twitter.com/NsWyuMdVrX
364,Amazon,Congratulations to @ninamanning78 on publication day. Hope you have a fabulous day and that your book flies üòäüìöüéâ
8728,NBA2K,I‚Äôm done bro all my stuff got corrupt and I‚Äôm downloading game updates now @2KSupport @NBA2K @Ronnie2K
12627,WorldOfCraft,"My admiration for this artist grows every year! Just beautiful < 3 @malukah 
Daughter of the Sea - World of Warcraft - Acoustic Cover by Malukah youtu.be/8m9oI8ahW5s via @YouTube"
9353,Overwatch,Time to play some #Overwatch with @helldoom on my #MiNotebookHorizonEdition. This game mode has 1 tank hero vs 6 dps heroes and it's absolutely nuts! pic.twitter.com/BIgx0vDwbm
8846,Nvidia,"New video on now go check it out here we go again its terrifying. visage youtu.be/O4BLsMOEiGA via @YouTube
#gaming #gameplay #horrorgames #horror #isolation #scarygames #pc #pcgames #games #stayathome #youtube #youtuber #nvidia #geforce #pcmasterrace"
3229,Facebook,It‚Äôs nice not to have facebook anymore but I can‚Äôt say I hate it when my cuz tells me the latest drama. Like how Jeremy Beuss‚Äô skinny white ass tries to spout ‚Äòcorrect‚Äô gender roles and anti abortion/women‚Äôs health while he displays internalized homophobia and toxic masculinity
4153,CS-GO,Help me win this awesome CS:GO giveaway from Idle-Empire! wn.nr/dmjyt5
1498,Battlefield,#BattlefieldV This is becoming a joke at this point... we havent heard anything since they got back and this is the best they can give us? no actual information on anything. It seems like they havent listened to any feedback to what this community wants.
2450,Borderlands,The next one is Borderlands: The Handsome Collection. You're welcome
12677,WorldOfCraft,"Shout-out to my mom for being selfish and not carrying me a measley 2 months extra so that I could exist in the World of Warcraft universe üíî
So much for me being the favorite child!!"
10986,TomClancysGhostRecon,"If only it was that simple, if you read the comments most customers are complaining about how shady they are with information. Its tacky and disgusting to see especially when nothing fully good has came out. Wait dont mind waiting, just let us know before we get our Hope's up"
4275,CS-GO,"Don't jump me... @CSGO #CSGO

üîó medal.tv/clips/16016123‚Ä¶ https://t.co/8BAmw54jyL"
12991,Xbox(Xseries),It may look like a WiFi router but design wise it looks better than the Xbox series X. I think it‚Äôs unique and slick. I like it imo. You‚Äôre lucky that you haven‚Äôt gone bald yet üòà
11214,TomClancysRainbowSix,Shoutout to my brother @CoconutBrah for probably spending over 1000 hours in Custom games with me by now üòÇ  #RainbowSixSiege
5130,GrandTheftAuto(GTA),Oh shit I got 1 day to finish this fuk
10102,PlayerUnknownsBattlegrounds(PUBG),"Had a pretty amazing time streaming tonight, pubg was alot of fun! Thanks to everyone who came and hung out‚ù§‚ù§"
10909,TomClancysGhostRecon,enough of this DLC Bullshit just give us a new Splinter Cell Video Game ü§¶üèæ‚Äç‚ôÇÔ∏èü§¶üèæ‚Äç‚ôÇÔ∏è
10027,PlayerUnknownsBattlegrounds(PUBG),üëç on @YouTube: PUBG BEST KILLS | 48 SQUAD KILLS | 26 SOLO KILLS | Skreams Gaming | BEST KILLS RECORD | Dadaabhihai youtube.com/watch?v=7Jc7dz‚Ä¶
2419,Borderlands,@Borderlands how do I submit a complaint? Your CEO isn't paying his staff their bonuses.
9336,Overwatch,I‚Äôm just gonna say it - Overwatch essentially being nominated for LGBTQ+ game of the year is worse than if Rise of Skywalker was nominated for LGBTQ+ film of the year. At least in Rise of Skywalker if you slow the footage down and zoom in you can see gay shit if you squint.
12681,WorldOfCraft,Good Job @Blizzard_Ent üò° @BlizzLatAm @Warcraft pic.twitter.com/zyoT3FLEn0
10461,RedDeadRedemption(RDR),Rock on Mr. Black and keep being the most honorable cowboy in Red Dead Redemption 2 brother!! Cya next time!! üëç ü§ò pic.twitter.com/0ieH2Y86Q4
2802,Dota2,a bit late but I finally got master tier on my best hero redd.it/j4otzm #dota2 https://t.co/sJKembe0no
10513,RedDeadRedemption(RDR),"Red Dead Redemption 2 - Xbox - jogando no Game Pass 

m.mixer.com/valtinhoroberto

(#game)"
10391,PlayerUnknownsBattlegrounds(PUBG),"3 years ago this week. üò≠

Such a good time for @PUBG and a huge accomplishment for @PLAYERUNKNOWN & his team to put on. 

The observer room was insane, so many cables. üòÇ 

Life changing.... thank you. ‚úåÔ∏è pic.twitter.com/6RwnQKs2KC"
10227,PlayerUnknownsBattlegrounds(PUBG),@RoboDanjal any chance I could get a list of the maps for the new PUBG TDM?  I can't seem to find a good list anywhere.
9788,PlayStation5(PS5),Very much looking forward to getting new info on the #PS5
1356,Battlefield,A ban for Battlefield 4 player YourDaddyyyyyy has occurred SEE DETAILS: bf4db.com/player/ban/363‚Ä¶
3670,Cyberpunk2077,"Going through this right now, great reporting by @NightCityLifeDE"
7780,MaddenNFL,@EAMaddenNFL  this game so trash pic.twitter.com/sCUc6dtHeB
3801,Cyberpunk2077,congrats to the team at @idSoftware  for winning game of the year
3083,Dota2,I am dota 2 dota 2 i like happy  -  Casey
11175,TomClancysGhostRecon,GM Fam!!! hope you are all up and being great today.... jus wanted to take a second to thank all my followers for the support you guys are truly awesomeüí™üèæüëçüèæüôåüèæ... #stateofdecay2 #ghostreconbreakpoint #RedDeadRedemption2 #SmallStreamerCommunity
4822,GrandTheftAuto(GTA),yeah and it‚Äôs fun
353,Amazon,#AmazonPrimeDayQuiz  I played this interesting quiz on Amazon - Try your luck for a chance to win exciting rewards amazon.in/game/share/gS1‚Ä¶
3946,Cyberpunk2077,All I'm really hoping to get out of 2020 is a few months of @CyberpunkGame before the Armageddon hits us.
8718,NBA2K,@NBA2K THIS IS YOUR GAME. OWN UP TO THIS CRAP!
2941,Dota2,"A truely masterpiece indeed. 2018 may be the most exciting, but this is the most emotional.

Outstanding job to remark the end of an era in gaming history

#TrueSight #TeamNigma #DreamOG #TI9 #Dota2"
7444,LeagueOfLegends,League of Legends‚Äô latest champion is a colorful pop¬†star smartrobotics.com.ng/2020/10/13/lea‚Ä¶
6877,johnson&johnson,"With Johnson & Johnson baby powder still being available in some markets, we want to alert you of the damages that these talc-based products may cause. Learn more about J&J's lawsuit. bit.ly/3gnsDna https://t.co/PhzQyI0Cqz"
1051,AssassinsCreed,I'm in love @mlssmahut #assassincreedodyssey #assassinscreed #ubisoft @Ubisoft #kassandra #PS4share pic.twitter.com/tbk2cnF1Ou
6617,Fortnite,"Fortnite is bullying me, aren‚Äôt they?
I. NEED. HIM! pic.twitter.com/3q3yxUxkFY"
4798,Google,"A Death is here! :)

App Store‚Üígoo.gl/C2RGXc
Google Play‚Üígoo.gl/YjvqXr

 #Breeding game #Death https://t.co/DdCN922mdy"
4533,Google,Google Pixel 3A review: a $399 phone with a great camera - tinyurl.com/y97ha6ql https://t.co/jYzUPqFMgY
11877,Verizon,"This comes as Facebook faces major criticism for its inaction over rampant hate and harassment on the platform.

#facebook #markzugerberg #unilever #honda #verizon #cocacola #levistrauss #globalbrands #facebookads #advertisement #advertising #instagram #instagramads #criticism pic.twitter.com/NX77j7ycB5"
126,Amazon,This dangerous 'party drug' has been everywhere ‚Äî even on Amazon nbcnews.com/feature/nbc-ou‚Ä¶ via @nbcnews
4701,Google,"lol i was looking for something to listen to that was upbeat for 1998 and the first recommendation was my heart will go on, nice job google"
6583,Fortnite,This skin didn‚Äôt age well... @LocalPolarBear
5756,HomeDepot,While this article says ‚Äî Marcus no longer ran the company‚Äî that is Home Depot he still makes the $$$ in stock. So go ahead and boycott!
3532,Facebook,Facebook employees reportedly feel guilty that the company didn't fix a known security risk fast enough to prevent its biggest data breach ever businessinsider.com/facebook-emplo‚Ä¶ via @businessinsider
9880,PlayStation5(PS5),Just so god Damn beautiful üòç #PS5 pic.twitter.com/N14QKPrftj
3757,Cyberpunk2077,Great Wallpaper ! @CyberpunkGame
2573,Borderlands,This cricket has been the worst hivemind of fandom I have done this more times than I would love to be better if the Tarzan level in Kingdom Hearts is as bad as Borderlands.
11417,TomClancysRainbowSix,"Woooooo! @juice_ez just hit gold rank in #RainbowSixSiege!!! Nice job man!
Stop by and check him out sometime!!

#HourPower #streamer #twitch"
1985,CallOfDutyBlackopsColdWar,Not gonna lie that Black Ops cold war trailer was probably the best COD teaser I have ever seen
4456,Google,"if you kill someone to make a point 

of how Google 

and Vice and the Ny Times 

play to the life science companies 

they'll use a horrible photo of you ..."
11977,Verizon,"Exciting news! Verizon, Ericsson and Qualcomm are first in the world to achieve #5G peak speed of 5.06 Gbps! #TeamEricsson t.eric.sn/2HHzpaI"
7349,LeagueOfLegends,"My games crew had a League of legends clash yesterday, and this is how all of my texting apps looked like.
I love these assholes xD pic.twitter.com/NT3CfSlteN"
6408,Fortnite,"See I can get behind it when you explain ya self, controller is only broken when you have it with a PC that makes complete sense. Thank you ninja for actually explaining it and not being a fucking retard like everybody else"
3449,Facebook,In Facebook jail for literally nothin... They ain't even tell me what got reported üòÇ
10078,PlayerUnknownsBattlegrounds(PUBG),Even tae playing pubg I won‚Äôt ever installing it hahahaha I dislike that game so much
2703,Borderlands,My sona as a vault hunter. Borderlands will always be my all time favorite game series. pic.twitter.com/tMN63snnJE
8367,Microsoft,@satyanadella @Microsoft thanks for celebrating #Diversity. We need positive energy these days.
7382,LeagueOfLegends,Check out my video! #LeagueofLegends | Captured by #Outplayed #2020alienwaregames pic.twitter.com/RiQQQ50YZF
2218,CallOfDuty,I'm not even a part of @CallofDuty community but this shit at @NoahJ456 stream is soooo interesting.
7547,LeagueOfLegends,"This is about as far as I can go with it for the time being, maybe I will revisit it later, sorry!

#LeagueOfLegends #ArtofLegends #Yuumi pic.twitter.com/8iyAdyvwMD"
2014,CallOfDuty,"anyone who thinks that otherwise perfectly quality media can‚Äôt be ruined by it‚Äôs message, ethos, or aesthetic needs to sit down and explain why they don‚Äôt like the call of duty games, especially if they‚Äôre a shooter fan"
7249,LeagueOfLegends,I've never been this tierd in my entire life #LeagueOfLegends #struggle pic.twitter.com/PvI9sX4c7W
664,ApexLegends,"After playing today, I‚Äôm gonna just say it...

Worlds Edge is a better map than King‚Äôs Canyon ü§∑‚Äç‚ôÇÔ∏è

@PlayApex #ApexLegends https://t.co/uMQrfbFLmQ"
11620,Verizon,"Verizon Wireless customers faced service issues in Peoria area, company says dlvr.it/RTh0Qy"
866,AssassinsCreed,I was inspired by @miserabletop to get assassins creed on switch and now I couldn‚Äôt be more excited to leave the party early to go home and play Black Flag pic.twitter.com/yHrybJDYnn
7740,MaddenNFL,@EAMaddenNFL hi I am am trying to do the golden ticket challenges and it is not working for me and 10 of my friends so will u be post pointing it or??
6964,johnson&johnson,"And the US WANTS TO TRUST THIS COMPANY with a VACCINE?

Johnson & Johnson knew for decades that ASBESTOS lurked in some of its baby powder - nbcnews.com/health/health-‚Ä¶"
12790,WorldOfCraft,"World Of Warcraft: Classic Continues To Suffer Botting Issues As Fans Grow Irate happygamer.com/world-of-warcr‚Ä¶ 
Games News #Blizzard #MMORPG #PCMAC #WorldOfWarcraft #WorldOfWarcraftClassic #Gaming https://t.co/WQCo9oitj1"
2388,CallOfDuty,"Call of duty logic: Nerfs the M4 7 times

Keeps helicopter, makes akimbo .357 stupid cheating ü•¥"
6272,FIFA,Why does nobody want to sign for my @FGRFC_Official fifa 20 side I‚Äôm livid Messi being a pure uppity cunt
1474,Battlefield,@EAHelp why is my EA account telling me it‚Äôs  invalid? Why won‚Äôt you let me play Star Wars Battlefront 2 or Battlefield V? Why haven‚Äôt you resolved this issue yet? Why do you not want me play EA games?
7564,LeagueOfLegends,the constant mouse clicking is what always got me
3058,Dota2,3.7k to 3.2k üôÉ I LOVE DOTA 2 PUTANG INA
157,Amazon,#amazonpayquizI played this interesting quiz on Amazon - Try your luck for a chance to win exciting rewards amazon.in/game/share/g4G‚Ä¶
5338,Hearthstone,I talk way too much shit when playing Hearthstone Battlegrounds for someone that started a week and a half ago.
9548,Overwatch,Our Chinese #overwatch fans will be sad to learn that the matches in China during February and March and being rescheduled. pic.twitter.com/HvaTCPiEOv
3617,Cyberpunk2077,Playing through the Witcher 3 again and the Novigrad's quests and the atmosphere make me even more excited for the @CyberpunkGame. Can't wait to get to the Night City.
519,ApexLegends,"Ummm Wth....
#ApexLegends pic.twitter.com/eXcHRvG16o"
4700,Google,"@googlechrome Every time I open Google Keep, it crashes Chrome. Super annoying. Trying to add to my to do list!"
3487,Facebook,some of my irls really think that George Floyd did something wrong after a wrote a whole post on Facebook about how black lives matter!! I don't wanna be friend with racist people I swear I didn't know they're racist I feel bad for knowing them
7618,MaddenNFL,@EAMaddenNFL is there a reason OFFLINE franchise lags so much? Every play skips and good luck kicking a extra point. Shouldn‚Äôt a OFFLINE MODE have 0 input lag? Please patch this...#fixmaddenfranchise #NFLdropEA #FixMadden21
354,Amazon,"You literally have fanboys all over the games industry who just can't wait to take cheap shots at Microsoft & xbox. Online services and features, digital stores and the cloud are where things are headed. Google and Amazon have tremendous reach. To ignore the threat is dumb."
11613,Verizon,"It was a battle all game long ü§∫

All the best action from #CHIvWAS in our @Verizon match highlights.

#NWSLFallSeries | #VerizonCommunityShield https://t.co/yqZPtkoac0"
10073,PlayerUnknownsBattlegrounds(PUBG),My friend plays korean version pubg and blackpink hylt is bg music omgg I love it pic.twitter.com/5sKOTZyvGa
4416,Google,"Let's all agree to completely trash the inevitable facebook, apple, and google commercials that come out and show people high fiving and hugging again once this is over. Priding themselves on keeping us connected."
4761,Google,Preparing Pi Day activities for next month? Add this one to your list! (Thanks @D_EttaWhitlock for sharing!)
531,ApexLegends,"first game of the day,, eventhough my damage is,,,, embarrassing,.. #ApexLegends #Apexpc #gaming #APEX pic.twitter.com/YxtA8WMCtN"
7048,johnson&johnson,"You mean the same Johnson & Johnson that suppressed reports of asbestos contamination in their talc products for decades??? Wonder how many died??? And Birx says; ""Randomized controlled studies show NO evidence of improved outcome with HCQ."" LIAR???
youtu.be/77TMszubRU4"
4894,GrandTheftAuto(GTA),Sad I got a point to say anyone say gta 6 look crazy get life stop saying everything that happens in real life comparing to video game that is not even out your sad piece of shit people there lady that got hit by that car just lost her life show respect or could be u
533,ApexLegends,Communication is Key. We bust they ASS üòÇ
12997,Xbox(Xseries),This is a really disappointing move by Remedy. Bought Control day one with the season pass but will only get the PS5 upgrade if I rebuy everything again repackaged in the Ultimate Edition??
287,Amazon,"Dart Against Humanity Ep. 79 (S5 E4): The New Not Normal

Apple: itunes.apple.com/us/podcast/dar‚Ä¶

Google: google.com/podcasts?feed=‚Ä¶

Google Play: play.google.com/music/listen#/‚Ä¶

Spotify: open.spotify.com/show/7oyFdHIm6‚Ä¶

iHeartRadio: iheart.com/podcast/256-da‚Ä¶

Pandora: pandora.com/podcast/dart-a‚Ä¶

*Amazon Alexa https://t.co/uCZfIRX9Ip"
5285,Hearthstone,"Too greedy?
#Hearthstone pic.twitter.com/caa4J0ZUKF"
10496,RedDeadRedemption(RDR),Planning on spending my entire night playing Red Dead Redemption and getting stoned and I have absolutely no regrets
6850,johnson&johnson,A San Diego Superior Court judge ordered Johnson & Johnson to pay $343.99 million for hiding the dangers and risks of its surgical mesh product for women. on.nbc7.com/ZLL0BIq
10262,PlayerUnknownsBattlegrounds(PUBG),xboxaimbot.com is the greatest site  to get free modz  #fortnite #pubg #aimbot #cheats #apex #xbox #playstation #gamer #xboxone #vbucks #switch #warzone #pubgmobile
2195,CallOfDuty,Fuck my mates #CallOfDuty #ModernWarfare #CallOfDutyModernWarfare #PS4 #PS4share pic.twitter.com/rq7o2ruIAP
4471,Google,@Google and @Apple can you explain promoting a slave market in Kuwait through your apps?????? I am disgusted.
4359,CS-GO,"tHIS IS ACTUALLY A GOOD MOVE TOT BRING MORE VIEWERS.

I was one of those people who got hooked into csgo by watching tournaments first before playing the game. And seeing these players grew is like a netflix docu series for me. Can't wait for 2021."
6091,FIFA,So #Maria was playing FIFA today.
1428,Battlefield,A ban for Battlefield 4 player SasoByte has occurred SEE DETAILS: bf4db.com/player/ban/890‚Ä¶
3525,Facebook,So glad I never joined Facebook.
300,Amazon,"I like the idea behind this and whah it stands for, but don‚Äôt see this working"
4373,CS-GO,Congratulations to UC CS:GO A taking it 3-2 over NKU A in the runback last night to win their bracket! Amazing play from all members of the team
7365,LeagueOfLegends,Check out my video! #LeagueofLegends | Captured by #Outplayed #2020alienwaregames pic.twitter.com/szd2mKYyty
1551,Battlefield,"Really good in-depth video, highly recommend."
10585,RedDeadRedemption(RDR),"RED DEAD REDEMPTION 2 
#RDOnline #RDR2
#DailyChallengers
by simba pic.twitter.com/OeBblXui9L"
3671,Cyberpunk2077,"Everyone know the story of true life-long friendship, but not everyone knows how big chunk of your life is missing when those ends for some reason. Big THANKS @Marykhln for filling that void with great vibes and conversations."
3185,Dota2,"The professional dota 2 scene is fucking exploding and I completely welcome it.

Get the garbage out."
2962,Dota2,guess i'll broke.
6303,FIFA,HOW DID I MISS THIS I CANT EVEN BLAME SCHOOL ARE YOU KIDDING ME
4574,Google,Well that's not helping to reassure me my data is safe with @google
7948,MaddenNFL,Yassss! My team!! RAVENS!!
6218,FIFA,Playing fifa with my girl.  She got her first goal against me and someone won‚Äôt shut up üò©
8033,Microsoft,my dick is microsoft
8373,Microsoft,"I may not be the first to observe this, but MacOS has had _all_ the developers who make the internet go, for a decade and a half, and the entire time they have been like ""lol fuck off""

Microsoft is buying up open source these days. Perhaps a developer-centric laptop is next"
5532,Hearthstone,"Thanks for watching me play #Hearthstone tonight!

Thanks for getting into the giveaway! 

New earlier stream coming for the EU contingency! https://t.co/7vDZ9rIw6Z"
9449,Overwatch,They might not be the last team that has to make this difficult decision. #update #overwatchleague #nyxl #overwatch #overwatch2 #blizzard #games #lockdown pic.twitter.com/dI1HTl4mcV
4880,GrandTheftAuto(GTA),"Love GTA San Andreas and red death redemption, also I still have my old ps3 slim, I would love to get this please."
10008,PlayerUnknownsBattlegrounds(PUBG),"How is banning #PUBG going to fix anything? All it's gonna do, is make everything worse. What do they expect people to do in this lockdown?"
6992,johnson&johnson,"By combining product #engagement #analytics, #digitalsignage content can now be continuously optimized.  Learn how Johnson & Johnson drove 38% sales lift in beauty and 62% sales lift in OTC.

Learn more: buff.ly/3fCQuPt https://t.co/H09PgAdlCk"
10596,RedDeadRedemption(RDR),Red dead redemption 2 #RDR2 #letsplay #playthrough youtu.be/JoysFxH2r9o
790,ApexLegends,"‚Å¶@Respawn‚Å© ‚Å¶@PlayApex‚Å© #singing

Check out We dont like your singing twitch.tv/videos/5636940‚Ä¶"
10722,RedDeadRedemption(RDR),"Thanks @RockstarGames , you're rock stars!  #RedDeadRedemption pic.twitter.com/ztc25UcGRl"
1714,CallOfDutyBlackopsColdWar,I know I trash BO1 multiplayer any chance I get but in all honesty I wouldn‚Äôt mind a Black Ops remaster. Nothing could ever be as worse as MW2019. Get to work on it...
4650,Google,"It's great that big companies can't do everything... Otherwise today we would have had yellow pages, Yahoo. #Google wouldn't have been able to give us all the cool product thinking. The optimist in me says @zoom_us is a disrupter and there are many more.. #GoogleMeet @airmeet_com"
11957,Verizon,Old lady threatened me and said she was going to cancel her Verizon service because I told her we dont work on computers and cant fix it......like bro whatü§£ü§£
6795,Fortnite,"Hi @FortniteGame 

I get that you wont remove SBMM in pub games, that's okay. 

But WHY THE FUCK do you insist on putting absolute shitters on my team?? 

Wtf."
5716,HomeDepot,@HomeDepot I slightly hate y‚Äôall for wasting my time at 2 stores this morning
1106,AssassinsCreed,The newest assassins creed looks so FREAKING SICK AND I CANNOT WAIT.
10115,PlayerUnknownsBattlegrounds(PUBG),"@PUBGMOBILE 
 ‡§æ  #Cheaters #PUBGMOBILE 
Ban this random playre his killed me and my clan teammate  .... I report pubg mobile in game plese strict action against cheater .... pic.twitter.com/CpYYO6kCBZ"
4951,GrandTheftAuto(GTA),This is so cool!
6407,Fortnite,"It is ABSOLUTELY RIDICULOUS that prop hunt is not in fortnite anymore. 

The utter DISAPPOINTMENT smh

@JakeStateFarm @FortniteGame @KimKardashian"
9494,Overwatch,ryan makes me feel like such a baby i love it i love him so much i just wanna feed him a burrito bowl and hold his hand and suck him off while he plays overwatch and go on cute culvers dates w him AAAAHHH im in fucking LOVE
12487,WorldOfCraft,"this is the current status on the gold making, monthly token purchased if i dont find a stable source of income this will be bad in 3 months mithril and flamebloom were broke  by some sellers #Warcraft! pic.twitter.com/l7XmqXWpZ0"
3929,Cyberpunk2077,This looks kinda clean!
6137,FIFA,‚Äúsick of sidemen stans‚Äù oh you mean the people who called you out on your bullshit when you were too fucking lazy to post IMPORTANT petitions and to speak up and spread awareness for an important movement? but you had the time to post about fucking fifa and acted as if you +
7357,LeagueOfLegends,Bravo @riotgames always know how to get me hyped for the @LeagueOfLegends ranked season super excitedüíØ
1431,Battlefield,"Flank with 9 kills #battlefieldV  #BFV #PS4share

store.playstation.com/#!/tid=CUSA005‚Ä¶ https://t.co/aUOvyejztc"
659,ApexLegends,Haha bet you by 4 points @DigitalNutter87 in ranked üòÇüòÇüòÇüòÇüòÇ      #ApexLegends #XboxShare pic.twitter.com/ZpRCTBdtvT
3421,Facebook,WHY DOES IT HAVE THREE VERSIONS WTF üò≠üò≠üò≠üò≠
3602,Cyberpunk2077,"#RTXOn
@Miki21144689 have no one else ^^ but i have a brother, who would be very happy about it, so again #RTXOn @nvid"
10439,RedDeadRedemption(RDR),Red Dead Redemption 2 + Street Fighter V + Cyberpunk 2077 + Resident Evil 3 Remake + Dying Light 2 wn.nr/TXKg9n
6055,FIFA,"Former Arsenal and West Ham player Alex Song has taken his case to FIFA after being sacked by FC Sion.

The 32-year-old was one of nine players to lose his job when the Swiss side proposed reducing the wage bill of the first team as an emergency measure during the coronavirus"
11244,TomClancysRainbowSix,"Absolutely love my amazing sister who has made me this absolutely incredible #Dokkaebi bookmark üòç
#RainbowSixSiege #R6S pic.twitter.com/WR604R9u5s"
775,ApexLegends,@PlayApex  can you guys please fix the disconnect reconnect issue it really sucks getting penalized in ranked for a disconnect and dying you need invincibility or something we‚Äôre you can get killed cuz it‚Äôs really bullshit
5536,Hearthstone,"THIS IS INSANE!!!!!!!!!!!!!!!!!!!!

WHAT WHAT WHAT WHAT WHAT"
11577,TomClancysRainbowSix,Happy to be back doing what I love :))
1694,CallOfDutyBlackopsColdWar,FUCKING FINALLLLYYYYYYYYY
11760,Verizon,The iPhone 12 needs to hurry up cause I need to get it with @Verizon cause @sprint is trash ever since the merger with @TMobile! Like my speed is from the Middle Ages!! #iPhone12
1760,CallOfDutyBlackopsColdWar,"Another successful stream last night full of laughs & fun while counting down to @CallofDuty COLD WAR ALPHA!! HUGE thanks to all our new subscribers & everyone for the generous donations!! Back at it again this Sunday, don't miss out!! #CallOfDutyBlackOpsColdWar #BlackOpsColdWar pic.twitter.com/yxNVyvwPNl"
1088,AssassinsCreed,"Assassin's Creed III
I loved the opening! It makes you want to play the games before it! I will enjoy this more when I beat the other ones 1st! pic.twitter.com/oKwZXbNWXw"
10777,RedDeadRedemption(RDR),"""Take a chance that love exists and do a loving act""- Red Dead Redemption 2 giving life advice in the middle of a pandemic"
9664,PlayStation5(PS5),All these memes of man beggin there girls for Ps5‚Äôs are so pathetic üòÇ
12831,Xbox(Xseries),@XboxP3 delay the Xbox Series X what‚Äôs the point now that Halo has been delayed.
11783,Verizon,"@FredTJoseph hey fred, Comcast cut the cable and now Verizon stays calling me to shut that too pic.twitter.com/CPWSrmueDg"
3993,Cyberpunk2077,"You know how you buy consoles for specific games, I dead ass bought this card so that I can get the absolute best experience from @CyberpunkGame I want to absolutely immerse myself in this game. @NVIDIAGeForce ray tracing, all of that, I want it all. pic.twitter.com/neA45IHUvo"
8174,Microsoft,#Indigo Urgent Care looks to Microsoft Teams and Microsoft‚Äôs Power Platform to help deliver quality care and world-class patient experience lnkd.in/eAzWmuB
4734,Google,"@MerlynJD Merlyn, See seriously quirky trio? ‚ÄúLOVE‚ÄôS POST JOURNAL . . . TOO . . . TOO MUCH.‚Äù Rik Love writes his diary as a series of shorts after turning 80‚Äîat post time. Rik, his kin and friends are weird, goofy, totally odd characters. Google and enjoy! Riklove.com https://t.co/hE3730tcmH"
4371,CS-GO,"CSGO matchmaking is so full of closet hacking, it's a truly awful game."
4291,CS-GO,It's our pleasure H
4626,Google,Why Google sucks: Google regulates undocumented workers by misinforming white surpemacy
9496,Overwatch,Don‚Äôt tweet much but here‚Äôs what I‚Äôve been up to on the island. Not playing much #overwatch anymore but great fun watching and building the comp lounge. 4v4 though... #ACNH #owl #AnimalCrossing https://t.co/Hnq6uYO8iq
10091,PlayerUnknownsBattlegrounds(PUBG),"HOW TO IMPRESS INDIAN GIRL
sahilyaduvanshi.in/love-at-first-‚Ä¶
#impressgirl #mrfaisu #fairness #raipur #chhattisgarh #chomic #boy #mridul #faisu #faisusquad #tiktok #tiktokmemes #impressgirlfriend #memes #pubg #skincare #urvashirautela #workout #ptlife #fair #fairskin #love"
5074,GrandTheftAuto(GTA),hella good options and i loved all of these games but I gotta go with GTA 4 pic.twitter.com/DCuTj9qa8O
4811,GrandTheftAuto(GTA),Grand Theft Auto 5 (EU) for a good Price g2a.com/r/quicksellgta
10412,RedDeadRedemption(RDR),"Red Dead Redemption 2 Load Times
Xbox Series X: 38 Seconds
PS5: 10-12 Seconds
#XboxSeriesX #PS5 Yet again Sony still have the better machine"
7306,LeagueOfLegends,@IngameLeader is a social enterprise that uses esports to help at-risk-youth 'get off the streets' & improve their mental health ü•∞ - Throw some love their way by following them!  #esports #csgo #LeagueOfLegends #FollowTheIngameLeader
8544,NBA2K,Wow @NBA2K y‚Äôall gotta do something about this
6,Amazon,Love Speculative Fiction? #Win a $100 #Amazon #GiftCard in this #Facebook & #Twitter #Giveaway via @sffbookbonanza: rafflecopter.com/rafl/display/a‚Ä¶
12806,Xbox(Xseries),Pretty cool to see the next gen games being announced and stuff. I‚Äôm more excited to see how the official #PS5 and #XboxSeriesX logos look on marketing graphs.
11463,TomClancysRainbowSix,"@Ubisoft @Rainbow6Game look at those hacks, let‚Äôs get this guy banned, his username is BrownManKiller pic.twitter.com/6D7LKsmvV2"
8131,Microsoft,Whoever created the ‚Äúundo‚Äù button on Microsoft Word is a genius
12720,WorldOfCraft,So much for Draenor flying. üòÇ
3329,Facebook,"Whenever I feel a bit low, The Uncool Club's Facebook group always manages to cheer me up. What a wonderful group of humans ü•∫

(If you wanna join, feel free! Everyone is welcome ‚ù§Ô∏è facebook.com/groups/6127272‚Ä¶)"
8360,Microsoft,#Azure Microsoft unlocks the full potential of the smart building ecosystem azure.microsoft.com/blog/microsoft‚Ä¶
10595,RedDeadRedemption(RDR),I won 5 achievements in Red Dead Redemption 2 for 117 TrueAchievement pts trueachievements.com/gamer/Yoneko
4377,CS-GO,"Casting this weekend again!

Excited who will get point and climb up that ladder for @ItsTheNumberOne üî•"
8431,NBA2K,@NBA2K game sucks... down by 2 with 38 seconds left and my team intentionally fouls
7281,LeagueOfLegends,This doesn't even make sense
8558,NBA2K,#nba2k is a fucking joke
7384,LeagueOfLegends,League of Legends taught me to come to terms with my own disappointing third novel
3764,Cyberpunk2077,"Free Cyberpunk 2077 Stick Bug over here
youtu.be/rsHt9rTahgg
#Cyberpunk2077 #stickbug #cyberpunk https://t.co/GzMpgSpygq"
5149,GrandTheftAuto(GTA),Moriüòªüòªüòªüòª
9864,PlayStation5(PS5),"I don't know what you people have been doing on this app, but I told someone I'd buy my own PS5 and now she's insulting me. :/"
2751,Borderlands,"Congratulations to Borderlands Research Institute for their recent grant in the amount of $80,000 from PCQC. BRI is dedicated to the study of Montezuma quail in the Trans-Pecos region in order to better understand its population projection. #quailhunting #quailconservation pic.twitter.com/JgjgyBt4U1"
8486,NBA2K,Yo @NBA2K fuck your fake ass garbage ass game
4018,CS-GO,"1. buy CS:GO or TF2 item off SCM

2. enjoy it for 1 week

3. want something else

4. sell that item (lose money cuz valve fees)

5. buy new item

6. repeat until money gone"
2480,Borderlands,I am so exhausted from work this week so probably no borderlands stream today i‚Äôm SO SORRY üò≠
6725,Fortnite,This guy is fucking cracked holeeee
1792,CallOfDutyBlackopsColdWar,bruuuhhh wtf is wrong with these gay ass pc players
8917,Nvidia,"Shipped first GPU-enabled production code through #bravetools! #LXD  makes it easy to passthrough host hardware and @nvidia drivers, while bravetools abstracts configuration and makes it easy to automate for all future releases üöÄ #AI #devops #OpenSource 

github.com/bravetools/bra‚Ä¶ https://t.co/92K5MYIaXx"
8821,Nvidia,"Amazing deal for you!

Lenovo Legion Y540 9th Gen Intel Core i5 15.6 inch FHD Gaming Laptop (8GB/512GB SSD/NVIDIA GTX 1650 4GB Graphics/Windows 10/Black/2.3Kg),81SY00CKIN for just Rs. 69990.0 from Amazon

Shop Now!
ekaro.in/enkr2020091846‚Ä¶ https://t.co/wG6Qt6d7fs"
5265,Hearthstone,Joe Buck is excited when  Hearthstone
3769,Cyberpunk2077,"Such a shame, but knowing CD Projeckt Red and what they did when they delayed The Witcher 3, it'll be more than worth the wait."
7094,johnson&johnson,Johnson & Johnson Covid-19 vaccine study paused due to unexplained illness in participant statnews.com/2020/10/12/joh‚Ä¶
9699,PlayStation5(PS5),I‚Äôm gonna say this again @imjustbait is the funniest meme page ever üòå
2165,CallOfDuty,"Late night stream with the boys! Come watch some warzone runs as we struggle to get a dub! #warzone #callofduty #battleroyale #facebookgaming 

Facebook.com/YetiCasual instagram.com/p/CEYfcX0heDs/‚Ä¶"
6569,Fortnite,I haven‚Äôt watched the NBA in quiet some time. I‚Äôve actually boycotted it most of the year because of the Hong Kong fiasco. But @Dame_Lillard may just bring me back. ITS LIKE HE IS ON A FORTNITE HEATER.
10844,TomClancysGhostRecon,"@GhostRecon There has been a sound issue since the latest update, when playing with friends, you can hear their weapons when they are firing them, just clicking sounds or no sounds at all. Please fix:)"
2734,Borderlands,surprise i still love #borderlands ' jack pic.twitter.com/hAuwN4M4pS
8619,NBA2K,@NBA2K: REALLY you guys won't give the old retired players $1000000 a year and you guys are making a killing on this game no wonder Charles Barkley and other NBA stars are missing from the game every year it doesn't make any sense youtu.be/k8iYgGFzs4E
11149,TomClancysGhostRecon,@GhostRecon please fix the MOUNTAIN-00016 error. Its been 3 hours already.
9467,Overwatch,I‚Äôll never understand how people enjoy overwatch
807,AssassinsCreed,Just finished Assassins Creed Odyssey through @Shadow_Official @Shadow_NA from the beginning to the end. Thanks for the amazing gaming experience on your service üëè
5921,HomeDepot,@UPS 2 bad she was not n place wen ups cust reps decided 2oss my $1600 last nov 2019! Wen ur reps won't do something 2 a oid disaster ur. Rand integrity s called n2 question. Trust means a lot. 2 mo ths disability benefit!
6906,johnson&johnson,"‚ÄúThese niggers are people too!‚Äù

-Johnson & Johnson"
1154,AssassinsCreed,[PS4] | Assassins Creed Syndicate First Playthrough | Positive Vibes | Road To 800 Followers | live at twitch.tv/xklausmikaelso‚Ä¶
5515,Hearthstone,I miss when Hearthstone was simpler
855,AssassinsCreed,I actually really liked Assassin‚Äôs Creed 1
3634,Cyberpunk2077,"""A delayed game is eventually good, but a rushed game is forever bad."" - 

Shigeru Miyamoto
Video Game Design Legend

Devs of #Cyberpunk2077, please take care of yourselves. This is a game we have waited years for, a few more weeks won‚Äôt hurt."
8371,Microsoft,"This official Microsoft Trailer of #microsoftflightsimulator is simply stunning. Wow! I have to upgrade my PC asap
youtube.com/watch?v=gKIBNs‚Ä¶"
833,AssassinsCreed,finally completed assassin's creed odyssey so now comes the best part of finishing anything: reading the tvtropes page
11248,TomClancysRainbowSix,@Rainbow6Game @SpearheadBeer best combination for enjoying the Pro-leagues before I head to Montreal to see the finals live. pic.twitter.com/O5gX0vf2Gz
7299,LeagueOfLegends,"Congratulations to our very own @JulienMid and @Value247 for being selected on Team @Yassuo for the upcoming League of Legends Twitch Rivals! üî•

Will Value secure the three-peat? Will Julien pick up his first championship? Find out next week! üëÄ

#MUWIN // @TwitchEsports pic.twitter.com/PMbu3fiBOJ"
6772,Fortnite,Fuck I missed this
9229,Overwatch,Never in my life have i ever fealt this fed up over a game that wasnt overwatch
2414,Borderlands,"One of our own @ProfZeroo is live w/ @borderlands 3‚ÄºÔ∏è ü§òüòÑü§ò 

Catch him here: buff.ly/2WmmiP5 

Say ""Streamer Shouts"" in chat for a chance to be in a coming
@streamer_shouts Shout Out‚ùóÔ∏è

#twitch #stream #Borderlands3 https://t.co/dC7ptjMyFM"
5984,HomeDepot,@dbongino And real quickly as I have to run to Home Depot and touch everything with my rubber gloves of course. But 7 days ago they predicted in the US up to 2 million deaths do to Covit19. 3 days after that they said 100 to 200 thousand. And a rate of death at less than 2%.
10429,RedDeadRedemption(RDR),"My favourite 4 games
God of War
Red Dead Redemption 2
Uncharted 1
Rise of the Tomb Raider"
7664,MaddenNFL,"Still stuck on this madden.  Forgot i was streaming while working üòÇüòÇüòÇ@MoBeSoSlim  @MissFoxxybrown @yeynotgaming @Bink_GGAB @Refuse2HoldBack @good2be_ATaylor 

Im tryna play yard tho who down?"
7023,johnson&johnson,"Johnson&Johnson to stop selling baby powder in US.
The firm faces thousands of lawsuits that its talc products caused cancer.
It said in Oct that its testing had found no asbestos in its Baby Powder after tests conducted by USFDA discovered trace amounts.
bbc.co.uk/news/business-‚Ä¶"
7829,MaddenNFL,One of the MANY reasons why Madden is a sorry ass game.
12946,Xbox(Xseries),"#XSXFridgeSweeps The most powerful fridge in the world, is a beast!"
4554,Google,Why Google sucks: Google white-washes uniformed publics by categorizing bias
11020,TomClancysGhostRecon,This is how much I enjoy #ghostreconbreakpoint and #division2 I love the lore of both titles. #gaming #gamebooks instagram.com/p/B9feINlnn1U/‚Ä¶
6056,FIFA,"The Nigeria national team has been ranked as the 29th best team in the World and 3rd in Africa in the latest FIFA World rankings. üá≥üá¨ü¶Ö

It's the first time the team has made the top 30 since May 2013. @ Kano, Nigeria instagram.com/p/CFPZvTOn8Ab/‚Ä¶"
1110,AssassinsCreed,fucking dope. might actually pick it up again
1908,CallOfDutyBlackopsColdWar,"Seems like #Playstation has the marketing deal for #CallOfDutyBlackOpsColdWar 

Feels good to be treated well by Playstation üôå"
832,AssassinsCreed,"Old screencaps from Assassin's Creed Odyssey when I found the wonder woman armour for Kassandra, and this nightmare of a horse.. pic.twitter.com/7shmVBGSV9"
3364,Facebook,"I mentioned on Facebook that I was struggling for motivation to go for a run the other day, which has been translated by Tom‚Äôs great auntie as ‚ÄòHayley can‚Äôt get out of bed‚Äô and told to his grandma, who now thinks I‚Äôm a lazy, terrible person ü§£"
3263,Facebook,Wow
1495,Battlefield,Thank you to everyone who joined me on my kerfuffle of a stream tonight. Monster hunter then battlefield then back to monster hunter. Jeez my teammates need to make up their minds lmao #twitch #MonsterHunterWorld #battlefield4 #swordandshieldonlychallenge
9149,Nvidia,The Nvidia Shield is my daily driver but I like to recommend the Roku platform as it has nearly universal app compatibility.
9361,Overwatch,NYUMMM DELICIOUS FINALLY SOME GOOD CONTENT NYUMM THE SKINS THE ASHER
7004,johnson&johnson,"Covid19 Vaccine: Big shock to Corona vaccine, Johnson & Johnson stops all¬†trials thekhabarbharat.com/india-english/‚Ä¶"
5429,Hearthstone,"Holy smokes I'm really enjoying my Libram Paladin ONLY deck!

youtu.be/Xjo21NvyWQA

#hearthstone #YouTube #twitch #paladin #blizzard"
5333,Hearthstone,"Playing through the second week of Galakrond's Awakening. Still no decent internet, but maybe later this week. twitch.tv/old_guardian #Hearthstone #Twitch"
3061,Dota2,"Pls guys stop, I'm tired to give you more like of these ü§£ü§£ü§£"
3029,Dota2,Dota 2 making league of legends look good rn
11440,TomClancysRainbowSix,All most got that ace in ranked #xboxclips #RainbowSixSiege #clutchwin clutch.win/posts/breezier‚Ä¶
7205,LeagueOfLegends,@IISirPootnickII  computer having some issues may die at any point. Going to chance a steam anyway. Cant sign into steam so be playing some @LeagueOfLegends  while we keep trying to get on. twitch.tv/iisirpootnickii #LootGoblinGaming #LeagueOfLegends
979,AssassinsCreed,Eivor can crush me with her thighs
7879,MaddenNFL,Love starting my day on twitter getting blessed by this Demon üê∫üî•
279,Amazon,"@NyxJacob Thanks for entering Grand Summoners #OnePunchMan #instantwin #sweepstakes üéâ

Watch the video to see if you won a $100 Amazon gift card! ‚ú®Retweet every day for another chance to win!üåü

Play GS Global now for a FREE ‚òÖ5 One Punch Man Unit!üëä https://t.co/WDX2C4Vy6u"
4020,CS-GO,s1mple - The BEST CS:GO Player In The World! - HLTV.org's #1 Of 2018 youtu.be/NnOA1e3myaQ @YouTube„Çà„Çä
11653,Verizon,"Trump reportedly clashes with AT&T, Verizon, and T-Mobile over spam texts so make an AI to filter this as everyone hates spam in every single thing. theverge.com/2020/7/23/2133‚Ä¶"
6029,FIFA,Fifa 20 is the worst fifa of all time!
3206,Facebook,Why would you fuck your way to the bottom exactly?
3558,Facebook,"Update: Chase emailed me from an anonymous email telling me a close friend showed him my facebook post, that he didn‚Äôt know he was doing this, and asked me to take these down. As if another outreach from a random email is not also creepy. No. I‚Äôm not taking it down."
5464,Hearthstone,Yogg Saron‚Äôs Puzzle Box is quite possibly my favorite card in the game.  Secrets and Puzzle Box make for truly crazy insane WTF moments.  So fun even when it‚Äôs a shitshow.  ü§£ #Hearthstone
3488,Facebook,"Congratulations to all nominees, including our leader Amy Hall, for their Award of Excellence nomination! 

The 37th Annual #AWMDFWGALA is going virtual on Facebook and YouTube Live this October 8th from 6-7PM to celebrate the fantastic work of our media community. pic.twitter.com/5WgCeXRPAy"
507,ApexLegends,"The trailer is dropping in around an hour and 28 minutes, cant wait!

 #apexlegends @PlayApex @apex_intel pic.twitter.com/0o1GPNYa3d"
9452,Overwatch,"I started playing Overwatch (on Switch) right when Covee started and the combination of that game on that console has made it the most friendly gaming experience, really zen compared to most lobbies i‚Äôve witnessed"
12987,Xbox(Xseries),May is gonna be awesome üòç
9672,PlayStation5(PS5),More beautiful than most girls i know.. #PS5Reveal #PlayStation5 #PS5 pic.twitter.com/6KP3tewy6r
5641,HomeDepot,"Dow off 50 points at midday; P&G, Merck, Exxon, Chevron, Home Depot pace retreat on.mktw.net/2Xaf3Lg"
4306,CS-GO,‚ù§Ô∏è‚ù§Ô∏è‚ù§Ô∏è‚ù§Ô∏è keep up the great work king
5122,GrandTheftAuto(GTA),People who killed Michael or Trevor at the end of gta probably doing hooligan shenanigans right about now
2897,Dota2,dead game üòî
3526,Facebook,"Our #HISAPerth #OBIawards ceremony is taking place this Friday 29 May. Celebrating the Outstanding, Best + Inspiring work staff + students within #PerthCollegeUHI have done this year. Streaming LIVE 12 noon Friday @HISAPerth Facebook page. üèÜ
#TeamHISA #Awards #IWouldLikeToThank pic.twitter.com/rE3iY9T66p"
6019,FIFA,Switzerland opens criminal case against FIFA boss¬†Infantino scooplive.org/switzerland-op‚Ä¶
9089,Nvidia,MOTHER. OF. GOD.
7947,MaddenNFL,Nice game @EAMaddenNFL üëç pic.twitter.com/csVm607lov
6185,FIFA,"Bashing FIFA for no reason 

You all are proving how insecure you hate lingers are from shehnaaz and her popularity 

Just because FIFA supports shehnaaz and SidNaaz 

OHh Myy Gawwwd

#WeLoveFifaFooz"
4470,Google,"This is my 143rd twitter account, I keep getting suspended. Pelosi ruined my life, I should be able to have a voice. If you dont know me, just google ""SnaggleTooth Salon""

I gave her bush an Afro. I may release the video.

RT & Please Follow, and I'm full of shit & begging again."
1070,AssassinsCreed,"shit, time for a recast"
10307,PlayerUnknownsBattlegrounds(PUBG),Are u crazy gloating as if u r his fan n not a responsible journo. Sorry expected u change but drummer never change. Why don‚Äôt u write a book u worshipper
1565,Battlefield,"I SAW A TWEET ABOUT HOW IT'S A STORY TOLD OVER AND OVER CUZ THEY'RE MAD MEN DIED IN THE WAR AND IT DIDN'T HAVE BATTLEFIELD 1 TREATMENT, I CAN'T EVEN THINK OF ANOTHER WW1 MOVIE PPL WOULD EVEN KNOW"
10498,RedDeadRedemption(RDR),"Finally finished Red Dead Redemption 2 after nearly a year and a half of play. How does something so immersive, with so much detail on such a grand scale even manage to get produced? Its nothing short of both an engineering and artistic miracle"
1619,CallOfDutyBlackopsColdWar,Know Your History...unless it involves China....because like....we have investors and shit...
6586,Fortnite,"10 year olds trading on the stock market is scary news. It can instill good financial habits/curiosity. BUT. Equally high chances of it going the opposite way: seeding gambling tendencies, heavy losses from trading F&Os, or worse - this becoming the next Blue Whale. Not worth it."
5450,Hearthstone,"Anyone that plays a bad luck albatross deck in hearthstone is a literal cop. 

Fucking fun police. pic.twitter.com/jY6TRq351e"
11465,TomClancysRainbowSix,Wtf is going on with the new Playstation update? Now we can't make open parties anymore or see anyone else's parties unless you're invited.. @AskPS_UK Also on top of that the Siege servers are connecting. I definitely won't finish my battlepass in time. @Rainbow6Game
8518,NBA2K,@NBA2K @Ronnie2K HOW YA COMING???????? How i fix this bs ??? pic.twitter.com/j7j4jK5O2e
11529,TomClancysRainbowSix,@Rainbow6Game servers.... where they at????? Tired of getting disconnected from every single game. #RainbowSixSiege pic.twitter.com/2lS3iMC8Ki
6650,Fortnite,Fortnite is running like ass.. fps drops everywhere wtf?
11504,TomClancysRainbowSix,"Tom Clancy's Rainbow Six Siege is a great game to play with no negatives, welp i guess im back on the grind pic.twitter.com/0Wn3AreahG"
6646,Fortnite,All the 14 yo‚Äôs shitting on me in fortnite catch me irl I swear I‚Äôll rock yo shit
7100,johnson&johnson,Big news. Numerous great companies are seeing fantastic results. @FDA must move quickly! twitter.com/nytimes/status‚Ä¶
5681,HomeDepot,damn @HomeDepot you really telling me to relapse like common man this shit aint cool :(
7726,MaddenNFL,@EAMaddenNFL is Madden NFL 21 still charging $60 to stuff ads for MUT down our throats? All I want to do is take #minshewmania to the #SuperBowl
7506,LeagueOfLegends,"dont forget tpci is partnering with t*ncent  for a mobile pokemon league of legends and league being league aside, t*ncent is a really shady+shitty company and will likely be featured"
1223,Battlefield,@EAHelp Hi was booted from battlefield V game and now unable to go online. Seeing a few people on the subreddit say the same. Is there an issue with battlefield servers?
7486,LeagueOfLegends,You have no idea how ready I am for this. Give me Twisted Fate! #LegendsOfRuneterra #LeagueOfLegends
6379,FIFA,"Thank you 
 For wanting me to stay home and play some of FIFA

@EASPORTSFIFA @EAHelp pic.twitter.com/7Vw03AfLay"
12725,WorldOfCraft,Oh boy I bet the responses to this in the comments will be very level-headed and not at all a barrage of outrage and anger.
6675,Fortnite,@roundedtiktak thank you üëç #Fortnite #XboxShare pic.twitter.com/zWqOrFk0JN
11565,TomClancysRainbowSix,"When you're very bad and everything is panic, #Rainbow6 brings out my instinctual brain pic.twitter.com/5n8I9y3bIF"
10128,PlayerUnknownsBattlegrounds(PUBG),"How Abhijeet Bhayya ur efforts are incredible and the way you try to satisfy our wishes are very good hope you continue the same with the good health and wealth

Love fron Hyderabad"
9619,PlayStation5(PS5),"This #PlayStation5 pre order is an absolute....

Hopefully Xbox goes smoother next week and I'll get two üòí"
11382,TomClancysRainbowSix,Gaming is my hobby and I love it like and follow if your in to Th a same #gamers #gamerguy #RainbowSixSiege #adictition #addiction #gamestar pic.twitter.com/TnPZYm9PVD
8664,NBA2K,@PlayStation I love PlayStation and all but why the fuck do errors keeping occurring on @NBA2K ??
8984,Nvidia,"Early adopters get arsed once again.
As I've promised the low price tags will come with at a price.
Gigabyte confirms #RTX3070 16GB and #RTX3080 20GB for October 2020
Question who needs 16 or 20GB VRAM? If you want to use it some years at 4k makes sense
@WSV_GUY
#NVIDIA #rtx3000"
8810,Nvidia,Hate the fact Nvidia Filters makes my stream flashy when I‚Äôm trying to play warzone...
6890,johnson&johnson,They had a lawsuit over the opiates and the baby powder scandal why would they trust J&J?
4821,GrandTheftAuto(GTA),"Leaked FIFA 21 GTA 6 gameplay
open the link for LEAKED nudes/photos of:
Lana Rhoades
Riley Reid
Abella danger
Mia Malkova
Eva elfie
Brandi love
mia khalifa 
atumn falls
Nicole Aniston
Lena Paul
-Elsa jean
-harry styles
-john Cena
-bts
-zsmitty
-Zoe Laverne
bit.ly/32e2jXt"
9915,PlayStation5(PS5),"Facts, bitch can‚Äôt even get that ps5 üò©üòÇ for me lol"
4569,Google,Morning Year 4! This week's English has got me all excited. Explore this wonderful story and decide which tasks you want to complete...see where your learning takes you this week. üêµ Google Classroom updated. @NFollinStMarys pic.twitter.com/JBFUpRjL59
9054,Nvidia,"but.... the new nvidia 3000 series gpus are also looking appealing. a 3070 has better performance than the 2080 for  half the price... that's crazy. I'm struggling between saving up for a 3070 or saving up for a ps5....
8:14 PM ¬∑ Sep 16, 2020¬∑T"
7433,LeagueOfLegends,So good I had to share! Check out all the items I'm loving on @Poshmarkapp from @ShopAngryKitty #poshmark #fashion #style #shopmycloset #pier1 #leagueoflegends: posh.mk/7ZpkTUiSf9 https://t.co/pPGBdxFVm6
12493,WorldOfCraft,release the woltk expansion the best one from far @BlizzMilkfat @Blizzard_Ent @Warcraft @mikemorhaime Day7 pic.twitter.com/FgplmASTT8
3918,Cyberpunk2077,GOD JUST LET ME CUSTOMIZE MY MASSIVE COCK SMH
4444,Google,"This is....odd. @Google suggests the most deadly terrorst attacks were committed by the USAAF. But also acknowledge that September 11, 2001 was the most deadly terrorist attack ""in history."" 

Any thoughts on this @searchliaison ? pic.twitter.com/zfJFGLXTMp"
783,ApexLegends,"Watch StrapxAxHolic on Twitch! I think I'm pretty good at #ApexLegends twitch.tv/strapxaxholic?‚Ä¶
#twitch #StreamingLive #APEX #twitchtv"
115,Amazon,Plague of Corruption is #1 on Amazon and # 3 on The NY Times bestseller list. pic.twitter.com/mr2gbN43I9
2190,CallOfDuty,@HenTwitch  go team happy hen house üè†
2981,Dota2,"What the fuck is wrong with u guys?
@DOTA2"
11551,TomClancysRainbowSix,Nice bug @Rainbow6Game pic.twitter.com/MeOpHhpA7D
8977,Nvidia,"#gtc20 -  nice, motivational, and very accessible Nvidia/AI product fair + related tech talks
nvidia.com/en-us/gtc/keyn‚Ä¶
interesting interaction/social activities: braindates, dinner with strangers, ...  and free attendance for universities: reg.rainfocus.com/flow/nvidia/gt‚Ä¶"
10185,PlayerUnknownsBattlegrounds(PUBG),PTS would not stop crashing on me tonight. An issue I have never had with @PUBG_US @PUBG @PUBG_Devs going to give it another shot in the AM. Y‚Äôall have a good night! 6am central as always üôè‚ù§Ô∏è https://t.co/6MgOA07Izs
8220,Microsoft,"#writingcommunity I just want to take a second to give a SO to the microphone in Microsoft Word. I said ‚Äúetymologically unrelated‚Äù and it actually got it right. WOW we have come a long way baby!

#Microsoft #microsoftword"
122,Amazon,"I didn't have massive success in #IndieApril but I am happy because I saw two reviews on Amazon today. And they made what has been a crappy week in my personal life, a little better
#ReviewMay #Darkfantasy
Here's one detailed review
#NeverGiveUp you will find your audience ‚ò∫Ô∏è pic.twitter.com/ysjlEgGY7w"
11229,TomClancysRainbowSix,"Solo Q and this freak is spinning as fast as he can to lower the FPS. 
I thought they took this bs out

@Rainbow6Game https://t.co/mlvHMu4qeZ"
2335,CallOfDuty,This skin for Revenant looks dope!! greasygamer.com/threads/this-s‚Ä¶ #gg #SmallStreamerCommunity #SmallStreamersConnect #smallstreamer  #SupportSmallStreamers @LaZy_RTs @FearRTs @sme_rt @SGH_RTs @SmallStreamersR @StreamerNetwork @SSS_Retweets @Gr0wthLabs #callofduty #Fortnite #rainbow6
11107,TomClancysGhostRecon,Like almost all the times. Ubisoft = problem. Will we receive these rewards later too @Ubisoft?
4158,CS-GO,bhopping in csgo is so cozy
8528,NBA2K,same game smh ü§¶üèæ‚Äç‚ôÇÔ∏è @NBA2K #NBA2K21Demo #NBA2K21 pic.twitter.com/QRCV7AmeQi
5708,HomeDepot,Thank you to Matching funds Home Depot RW payment #215545 for your generous donation to support clean water through #teamworldvision! teamworldvision.org/index.cfm?fuse‚Ä¶
9966,PlayStation5(PS5),"Sony: doesn't announce the price 

#PlayStation #PlayStation5¬† #Playstation5reveal #PS5¬† #PS5Reveal¬† #PS5memes 

le Pakistani awam: pic.twitter.com/KuvRxpUhwj"
10268,PlayerUnknownsBattlegrounds(PUBG),Doing anything in extreme will cause  consequences...banning pubg is not the solution! #UnBanPubg
9082,Nvidia,This is insane! Makes me want to upgrade my GPU
2375,CallOfDuty,"Am I the only one who doesn't want to go back to work? Now I've had a taster of it, I really do like being a full time streamer üò≠üò≠ #Streamer #StreamersLife #ModernWarfare #CallOfDuty #Fortnite #Minecraft
Go follow my page please everyone let's blow it up
Facebook.com/SteveCavGaming"
11033,TomClancysGhostRecon,"While it's true that #GhostReconBreakpoint needs a lot of support and fixes, they definitely nailed the atmosphere and ambiance.  Some of these vistas are just incredible.  Here's hoping March 24th brings the changes the game needs. pic.twitter.com/mgHag6dlEM"
11153,TomClancysGhostRecon,@GhostRecon you telling lights are bulletproof on this game? Fix that shit yo
12652,WorldOfCraft,I just earned the [That's Val'sharah Folks!] Achievement! #Warcraft pic.twitter.com/pJ3luJuVer
7835,MaddenNFL,bro this is FIRE
13,Amazon,"Hated packing this one but at least it sold and arrived safely..lol
.
#resellercommunity #flipping #thriftshopping #thrift #goodwill #yardsalefinds #yardsale #garagesale #americanpickers #ebay #amazon #sourcing‚Ä¶ instagram.com/p/CBBFX5RFQHW/‚Ä¶"
5865,HomeDepot,"@HomeDepot 
This has been the WORST experience we've ever had with Home Depot in Wentzville ! We spent $763.30  on a bad ass machine with a great 5 year warrenty  only to wait for 1 week for it to be dropped off, then it Doesn't even work. Nothing can be done until the 28th!"
4367,CS-GO,"friendship ended with mibr
now furia is my best friend"
5212,Hearthstone,I do like this hearthstone pic.twitter.com/ef2LVsY44m
8788,NBA2K,Not this again
10563,RedDeadRedemption(RDR),red dead redemption got me wanting to move to a mother fucking ranch
8617,NBA2K,Ight @NBA2K false alarm pic.twitter.com/F4GBu2bVKb
3898,Cyberpunk2077,"Yaaaas! 

I want to see Keanu animated in anime üòÜ"
397,Amazon,"#Amazon Best Seller!

Screen Cleaner Kit - Best for LED & LCD TV,...

$19.95

amazon.com/Screen-Cleaner‚Ä¶ https://t.co/mrUD2zbLfT"
7806,MaddenNFL,Preordered @EAMaddenNFL for @PlayStation can‚Äôt wait!
394,Amazon,‚ÄòOne of the saddest days of my life‚Äô: Queens business leader reflects on what could have been one year after Amazon killed its HQ2 project in LIC  qns.com/story/2020/02/‚Ä¶
3838,Cyberpunk2077,Dang there goes my birthday present but maybe this will be better
3361,Facebook,Bro I had an abusive internet boyfriend that used to call me a stupid bitch whenever niggas used to like my pics on facebook and I used to beg him to not be mad at me. I was such a stupid bitch FOR REAL
6356,FIFA,Shame @weemanronza had to get me in the first round of the FIFA tournament this week. By all accounts a nice guy and a good player. But there‚Äôs no gettin by The Bud. #ParkIt
9840,PlayStation5(PS5),"ps5 looks NICE, I love white ;_;"
13150,Xbox(Xseries),"ü§£üëâ @KEEMSTAR Ya know, the social media STI?

ü§° is going after the video game blogger @TheQuartering üëàüòè

Why?! Who fuckin‚Äô cares. ü§¶‚Äç‚ôÇÔ∏è Just wanted to point out where KEEM is at in life. ü§£ Painfully lame.

#gamers #PS5 #XboxSeriesX"
8566,NBA2K,BITCH ASS LEGEND VIP‚ÄôD MY LITTLE BROTHER ON OUR 2 GAME WIN STREAK SMFH @Ronnie2K @NBA2K pic.twitter.com/GdS3KN9jVj
12541,WorldOfCraft,Absolutely love this! Thank you so much for such a beautiful version of Lani‚Äôthel!
638,ApexLegends,Wilson üíõ
6353,FIFA,"This was easily the best Fifa. First time with secondary divisions, off the ball control, free kick spin and placement. And an original soundtrack to vibe to. Unmatched. #fifa #EASPORTSFIFA #fifa2004 pic.twitter.com/LMzXeAgopr"
4905,GrandTheftAuto(GTA),"The ultimate pruning machine! @stihlusa GTA 26 has a 4"" bar and chain. Super lightweight making it perfect for landscapers or homeowners looking for a smaller machine vs manually trimming with a‚Ä¶ instagram.com/p/B74-nElB3eG/‚Ä¶"
9792,PlayStation5(PS5),"Good luck paying 70 dollars for a broke, buggy and incomplete game that will definitely have microtransactions despite the price. #XboxSeriesX #PlayStation5"
586,ApexLegends,It was a good day in #ApexLegends #XboxShare pic.twitter.com/LZ6B1OiPtt
739,ApexLegends,Watching @LuluLuvely vids always hype me up üî• LETSA GOO! @PlayApex
5495,Hearthstone,Team 5 what a great media/announcement day. You guys always manage to surprise the Hearthstone community when we think we‚Äôve seen it all. Keep up the phenomenal work. @PlayHearthstone #Hearthstone pic.twitter.com/qsQFw4ZA6v
9393,Overwatch,Today has been the most fun I‚Äôve had watching and interacting with Overwatch League in a long time.
4050,CS-GO,Wow
4922,GrandTheftAuto(GTA),(NA/PC) Come Vibe With Me. Messing Around In GTA !twitter twitch.tv/milzzz_ttd
10601,RedDeadRedemption(RDR),The new Red Dead Redemption‚Äôs graphics look incredible!
6102,FIFA,Super Eagles move up four places in February FIFA¬†rankings best9jamusic.com.ng/sports/super-e‚Ä¶ https://t.co/eZcjdiZVje
5301,Hearthstone,"to the guy that keeps tryna hack my battle.net account you can fucking have it all you get is overshit, level 20 wow classic orc and half finished basic set for hearthstone"
4697,Google,"Google  your name + horror + aesthetic.
I don't exist enough so I had to use my middle name tooüòÜü§ì pic.twitter.com/nkKXdSW8OR"
813,AssassinsCreed,"üé•  üé•  We're gonna try to save some historical place with bad gameplay and poor decision making.  Don't miss it in @assassinscreed odyssey.

Network by @NETGEARgaming
Powered by @CYBERPOWERPC
Swag from @TheMarvelFactor

Only on @WatchMixer now at mixer.com/itsPlanB https://t.co/jRYamXkrlt"
12689,WorldOfCraft,@WarcraftDevs this would be incredible!
5473,Hearthstone,YOUR PATHETIC Freeze Cannot Stop MY MINIONS | Hearthstone Daily Moments Ep.1465 gameforce.jp/hearthstone%e3‚Ä¶ https://t.co/H0Q9zjH8GF
10309,PlayerUnknownsBattlegrounds(PUBG),"PTA PUBG ban is unconstitutional in nature because it violates  article 18 of the constitution of the islamic republic of pakistan. The employees involved should be suspended
 #PTALiftBanOnPUBG
#unbanpubginpakistan 
#SavePakistanEsports 
 @PTAofficialpk @ZakaWaqar pic.twitter.com/Pxh87DXB2Z"
127,Amazon,"""Great storytelling, peppered with detail that brought the world to life make this easy to recommend."" Amazon Reviewer. #mystery #cosycrime #readindie mybook.to/ClencherMill https://t.co/C5LIhX0T2x"
9039,Nvidia,"Apple is a no for me, they don‚Äôt innovate anymore"
3068,Dota2,fuck my life üòÜ
3277,Facebook,"All my success in the past came from people that don't know a single thing about me. Time to go back to that audience.  I'm done with Facebook, not catering to that crowd anymore."
5731,HomeDepot,"@jimbcbs4 Hey Jim, we disagree on politics and policies but the greeter that cussed you at Home Depot was so out of line... 
I'm so sorry that others have made you deal with that."
12949,Xbox(Xseries),"Microsoft Apparently Has 16 First-Party Xbox Studios, But That Doesn't Add Up purexbox.com/news/2020/03/m‚Ä¶ #Microsoft #Xbox #XboxOne #XboxSeriesX https://t.co/WZHHIwK1GL"
1673,CallOfDutyBlackopsColdWar,Definitely getting this üî•
3169,Dota2,TI9 BEST Plays & EPIC Moments The International 2019 Dota 2 zonestream.cx/ti9-best-plays‚Ä¶... https://t.co/DvexFpHvwg
12714,WorldOfCraft,"Playing world of Warcraft! So much fucking fun. I can‚Äôt believe I wasted so much time playing games like cod, fortnite, h1. This right here is a REAL mans game."
7456,LeagueOfLegends,"West had a bit of hope for a good playoff finish but it‚Äôs slowly dying with @G2esports getting worse with every game. At least NA is getting a few wins )
#LeagueOfLegends #Worlds2020 #lolesports #LCS #LEC"
9273,Overwatch,Its live time with more overwatch shenanigans yall gunna bullshit around and rage at the game lol see ya there! Theta.tv/spazzxattack
11536,TomClancysRainbowSix,"Normally i dont put time and effort into people like this but this shows me exactly the kind of people who participate in 
@Rainbow6Game. Since when is it disallowed to play with IRL friends who are lower ranked than u are. smh pic.twitter.com/7aAhqXw9cZ"
1131,AssassinsCreed,Assassins creed odyssey üî•üî•üî•üî• probably my favorite out of the series
2216,CallOfDuty,"@PlayCODMobile @M2Games2 i love the call of duty, more unfortunately i'm having a lot of audio bug, every time i'm playing the BR mode of the game, the audio just stops, then i have to close it and open dnv the device i'm using is iOS."
9388,Overwatch,@Hunduks we will never be as happy as we were during the overwatch beta üíÄ
2653,Borderlands,Shitting around | Borderlands 3 | Part 5.5 twitch.tv/slayer3000bot
8408,NBA2K,2k games is never the same again üíîüò≠
1221,Battlefield,"@EAHelp I haven't been able to log on to Battlefield V on XBox One and a friend encountered the same issue. We just can't go in and data won't sync. However, BF1, NHL 20 and all other games I have appear to be fine though. Why is that?"
5083,GrandTheftAuto(GTA),Holy shit
11869,Verizon,Shark 270 #4GLTE Wireless Cellular Revenue #Meter is #Verizon certified and allows you to collect #energy usage and power quality data easily over the air. Get your #demo here: bit.ly/4gltedemo
2191,CallOfDuty,"Whos ready for some zombie royale warzone stream tonight? @GamerRetweets @CallofDuty #Warzone #twitch #streamer #ModernWarfare #gulagking
@Pureyo head over to twitch.tv/JustGLN give us a follow and turn notifications on to not miss out on the fun #roadtoaffliate"
9495,Overwatch,now i'm just offended
1954,CallOfDutyBlackopsColdWar,"I can‚Äôt wait to play the beta this weekend! Oh wait...

I have an Xbox. 

Never mind."
9608,PlayStation5(PS5),God when ü•∫
12565,WorldOfCraft,I just earned the [Rare to Well Done] Achievement! #Warcraft
8129,Microsoft,"Today I found out that Windows' Cortana actually sounds like Jen Taylor in America but nowhere else. What the fuck, microsoft?!"
6376,FIFA,"We are pleased to announce the names of the referees approved by the FIFA Referees Committee for the 2020 international lists.

BONDO Joshua
GOBAGOBA Tshepo Mokani
MOSITWANE Tirelo
DINTWA Keabetswe
METHIKGA Itumeleng (Women Referee)

#WeAreBFA 
#Congratulations pic.twitter.com/iOhPfXl5Tp"
8943,Nvidia,"Half are political accounts, most of them I haven't interacted with in a few months, three NVidia accounts, two of them I have only even replied to once, and the only person who I know IRL is in the second row. How did this happen pic.twitter.com/nvqUiUYKOJ"
9063,Nvidia,AMD really got so scared of Nvidia‚Äôs ampere that they quit making GPUs and switched to bikes
10719,RedDeadRedemption(RDR),"Red Dead Redemption 2 broke me, broke my heart. The wild west is a cruel place."
10156,PlayerUnknownsBattlegrounds(PUBG),Played pubg for the first time in a long time and loved it. Will be posting clips tonight!
427,ApexLegends,Wow..
1439,Battlefield,"At the start of the gen we had these were a few of the cross gen titles on both consoles

Assassins Creed Black Flag
Battlefield 4
Call of Duty Ghost
Destiny
Watch Dogs
Metal Gear Solid
Thief
The Evil Within

We got these exclusives

Killzone
Infamous 
Driveclub
Knack pic.twitter.com/JxUhGaKoh0"
2366,CallOfDuty,"Our eldest has spent so long playing this new Call of Duty game, I‚Äôm not convinced he even knows what day it is, let alone how long lockdown has lasted. I‚Äôd normally object, but I think I‚Äôd rather deal with that, than him being frustrated about being stuck at home."
7631,MaddenNFL,"GIVE @2K THE ABILITIES TO MAKE SIM FOOTBALL GAMES NOW! EFF THAT CONTRACT. @EAMaddenNFL Y'ALL HAVE SWINDLED US ENOUGH! @NFL TELL THEM TO GIVE IT UP, THEY DON'T DESERVE THE EXCLUSIVITY LICENSE ANYMORE!!!!!"
10422,RedDeadRedemption(RDR),This is fantastic!
2532,Borderlands,"Completed #Fustercluck this weekend, rounding off year one of #Borderlands3. I decided to go back in response and play the original Borderlands again as I had the 4K GOTY version on my PC already. The shooting feels awful. I'm going to try some suggested ini changes tomorrow."
3254,Facebook,"followed you , DM and let me at least share on here facebook etc. reggae is magical"
6750,Fortnite,"Rue it¬¥s so beautifulüòç‚ù§Ô∏è

#Fortnite #FortniteArt #FortniteSeason3 #digitalart #digitaldrawing pic.twitter.com/OrQuuDxMvJ"
5354,Hearthstone,"#ProtectorCup #Hearthstone

The Protector Cup #1 is over!
Here are your top 3:

ü•á@Sergio932HS
ü•à@spectro_cs
ü•â@cristianhs30

Thanks @caturix_tribe for providing us with these amazing prizes and we will see you soon with the Protector Cup #2!

GGs to everyone that participated! pic.twitter.com/xaPIPRHoFI"
9446,Overwatch,Removing mcree‚Äôs noose because ur pussies enit @PlayOverwatch
1586,Battlefield,This was a very messed up little duel #battlefieldclips #battlefieldmemes #bf #battlefield #battlefield4 #twitch #twitchstreamer #twitchaffiliate #twitchtv #twitchclips #twitchgamer #youtube #youtuber #youtubers‚Ä¶ instagram.com/p/CDWTLDhjUmF/‚Ä¶
2069,CallOfDuty,FIX IT JESUS ! Please FIX IT ! What In the world is going on here.  @PlayStation @AskPlayStation @Playstationsup @Treyarch @CallofDuty negative 345 silver wolf error code pic.twitter.com/ziRyhrf59Q
2286,CallOfDuty,"Call of duty warzone (livestream) w/ subs #Warzone youtu.be/7BhH_pjOMU4 via @YouTube Please come watch this AMAZING Call of Duty Warzone stream from this AMAZING streamer! It'd be really, really nice to give him some views and likes as well! üòÄ #COD #CallofDuty #Warzone"
7925,MaddenNFL,"Thank you @EAMaddenNFL!! 

New TE Austin Hooper in the ORANGE & BROWN!! 

#Browns | @AustinHooper18 

 pic.twitter.com/GRg4xzFKOn"
7794,MaddenNFL,#NFLdropEA to ea from me your game is horrible the franchise mode is horrible mut is just a way for children to gamble with there mom's credit card face of the franchise is cheese and horrible and to this point I'd rather play a fan game than madden NFL please drop EA
352,Amazon,BBC News - Amazon boss Jeff Bezos rejects claims company acted like a 'drug dealer' bbc.co.uk/news/av/busine‚Ä¶
8151,Microsoft,"Thanks to the amazing team at @Microsoft who generously donated 10 Office 365 licenses to AHA! today. We are so grateful!

#accessibleatx #accessible #affordable #integrated #housing #affordablehousing #microsoft #office365 #charity #donation #nonprofit #gratitude #Austin"
